
{
  "version": 2,
  "functions": {
    "api/**/*.ts": {
      "runtime": "nodejs20.x"
    }
  },
  "builds": [
    {
      "src": "api/**/*.ts",
      "use": "@vercel/node"
    }
  ],
  "rewrites": [
    {
      "source": "/api/(.*)",
      "destination": "/api/$1"
    },
    {
      // This rule matches paths that DO NOT end with common file extensions.
      // This allows requests for .tsx, .js, .css, images, etc., to be served directly
      // by Vercel's static file handling (or transpiled by `vercel dev`),
      // while paths for client-side routes (e.g., /account) will serve index.html.
      "source": "/((?!.*\\.(?:js|jsx|ts|tsx|css|ico|json|png|jpg|jpeg|gif|svg|webp|woff|woff2|ttf|eot|otf)$).*)",
      "destination": "/index.html"
    }
  ]
}
